Workbook

Sheet 환경설정
A1: 사업명 | B1: 전라남도청 민원인 전용주차장 건립 전기공사 보안등주 등 구매 | F1: =VLOOKUP(B8,data!A:B,2,0) | J1: 청 | K1: 유
A2: 계약번호 | B2: 002280992-01 | C2: 납품요구번호 | D2: R25TB00712838-00 | J2: 기관 | K2: 무
A3: 계약일자 | B3: 45846 | C3: 납품기한 | D3: 46380
A4: 제출일자 | B4: 46107 | C4: 공문번호 | D4: =CONCATENATE("관리 제 ",TEXT(B4,"yy"),"-",TEXT(B4,"mm"),TEXT(B4,"dd"),IF(LEN(D5)<2,"0"&D5&"호",D5&"호"))
A5: 계약물품수 | B5: 3 | C5: 공문마지막번호 | D5: 3
A6: 발주처 | B6: 전라남도 | C6: 수요기관번호 | D6: 4088300513
A7: 관청 구분 | B7: 청 | C7: 감리유무 | D7: 유 | F7: 계약모델2 | K7: 계약모델3
A8: 모델명 | B8: MTPF-201-5 | C8: 단가 | D8: 671000 | F8: 모델명 | G8: MTPF-201-5-2 | H8: 단가 | I8: 722000 | K8: 모델명 | L8: MTPS-701 | M8: 단가 | N8: 61000
A9: 수량 | B9: 9 | C9: 수수료 | D9: 47690 | F9: 수량 | G9: 4 | H9: 수수료 | K9: 수량 | L9: 13 | M9: 수수료
A10: 현장대리인 | B10: 최한진 | C10: 계약금액 | D10: =IF(B5>=3,D8*B9+I8*G9+N8*L9,IF(B5>=2,D8*B9+I8*G9,B9*D8))

Sheet 공문
H1: (주) 매 그 나 텍
A4: 우:57241 전남 장성군 동화면 전자농공단지 2길 55 | Q4: Tel 061)392-5508 | Y4: Fax 061)392-5518
A6: 문서번호 | D6: : | E6: =환경설정!D4 | Q6: 선결 | Y6: 지 시
A8: 시행일자 | D8: : | E8: =CONCATENATE(TEXT(환경설정!B4,"yyyy"),". ",TEXT(환경설정!B4,"mm"),". ",TEXT(환경설정!B4,"dd"),".") | Q8: 접 수 | R8: 일자
A9: 경 유 | D9: : | R9: 시간 | Y9: 결 재 ㆍ 공 람
R10: 번호
A11: 수 신 | D11: : | E11: =환경설정!B6 | Q11: 처리과
Q12: 담당자
A13: 참 조 | D13: : | Q13: 심사자 | Y13: 심사일
A15: 제 목 | D15: : | E15: =CONCATENATE(" '",환경설정!B1,"' ","건에 대한 착수계 제출의 건. ")
D17: =CONCATENATE("1. 귀 ",환경설정!B7,"의 무궁한 발전을 기원 합니다.")
D19: =CONCATENATE("2.납품요구번호 : 제 ",환경설정!D2," 호")
D21: =CONCATENATE("3. 사 업 명 : ",환경설정!B1)
D23: 4. 위 계약건과 관련하여 착수계를 제출 하오니 승인하여 주시기 바랍니다.
D29: =CONCATENATE("별첨. 착수계 …………",IF(환경설정!D7="유",3,2),"부. 끝.")
E34: (주)매 그 나 텍 대표이사 박 선 후

Sheet 착수계
C1: ㈜매그나텍
C2: 전남 장성군 동화면 전자농공단지2길 55
C3: Telephone : 061-392-5508 Fax : 061-392-5518
A5: 착 수 계
A9: 공 사 명 : | C9: =환경설정!B1
A10: 계 약 금 액 : | C10: =G10 | F10: ( | G10: =환경설정!D10 | H10: : 부가세포함 )
A11: 계 약 년월일 : | C11: =환경설정!B3
A12: 착 수 년월일 : | C12: =환경설정!B4 | J12: 납 품 년월일 : | L12: 44711
A13: 납 품 년월일 : | C13: =환경설정!D3
A15: 상기 용역에 대해 위와 같이 착수하였기에 착수계를 제출합니다.
B17: 붙임. | C17: 1. 사업자등록증
C18: 2. 국세, 지방세 납세증명서
C19: 3. 공장등록증명서
C20: 4. 직접생산확인증명서
C21: 5. 현장대리인계
C22: 6. 재직증명서
C23: 7. 물품계약서
C24: 8. 예정공정표
C25: 9. 납품내역서
C26: 10. 제작도면
A28: =C12
E31: 전남 장성군 동화면 전자농공단지2길 55
E32: ㈜ 매그나텍
E33: 대 표 박 선 후 (인)
A35: =환경설정!B6&" 귀하"

Sheet 현장대리인계
C1: ㈜매그나텍
C2: 전남 장성군 동화면 전자농공단지2길 55
C3: Telephone : 061-392-5508 Fax : 061-392-5518
A5: 현 장 대 리 인 계
A9: 공 사 명 : | C9: =환경설정!B1
A11: 상기 용역에 대해 아래와 같이 현장대리인을 선정하여 제출합니다.
J12: 납 품 년월일 : | L12: 44711
A13: - 아 래 -
A15: 현 장 대 리 인
L16: 이름 | M16: 직급 | N16: 주소 | O16: 생년월일 | P16: 입사일
B17: 성 명 / 직 급 : | D17: =CONCATENATE(VLOOKUP(환경설정!B10,현장대리인계!K17:M19,2,0)," / ",VLOOKUP(환경설정!B10,현장대리인계!K17:M19,3,0)) | K17: 김정수 | L17: 김 정 수 | M17: 차 장 | N17: 광주광역시 광산구 사암로215번길 16 | O17: 32933 | P17: 43052
B18: 주 소 : | D18: =VLOOKUP(환경설정!B10,현장대리인계!K17:P19,4,0) | K18: 김선중 | L18: 김 선 중 | M18: 대 리 | N18: 광주광역시 광산구 수등로 287 | O18: 33530 | P18: 45139
B19: 생 년 월 일 : | D19: =TEXT(VLOOKUP(환경설정!$B$10,재직증명서!$K$16:$P$19,5,0),"yyyy년 mm월 dd일") | K19: 최한진 | L19: 최 한 진 | M19: 대 리 | N19: 광주광역시 광산구 신창동 1285 | O19: 33512 | P19: 45433
A21: =환경설정!B4
E23: 전남 장성군 동화면 전자농공단지2길 55
E24: ㈜ 매그나텍
E25: 대 표 박 선 후 (인)
A27: =환경설정!B6&" 귀하"

Sheet data
A1: ARENA-200S | B1: LED투광등기구 | C1: =CONCATENATE(B1,", ",A1,", ",E1) | E1: 200W
A2: ARENA-300S | B2: LED투광등기구 | C2: =CONCATENATE(B2,", ",A2,", ",E2) | E2: 300W
A3: ARENA-400(3000K) | B3: LED투광등기구 | C3: =CONCATENATE(B3,", ",A3,", ",E3) | E3: 400W
A4: ARENA-400 | B4: LED투광등기구 | C4: =CONCATENATE(B4,", ",A4,", ",E4) | E4: 400W
A5: ARENA-400S | B5: LED투광등기구 | C5: =CONCATENATE(B5,", ",A5,", ",E5) | E5: 400W
A6: ARENA-500(3000K) | B6: LED투광등기구 | C6: =CONCATENATE(B6,", ",A6,", ",E6) | E6: 500W
A7: ARENA-500 | B7: LED투광등기구 | C7: =CONCATENATE(B7,", ",A7,", ",E7) | E7: 500W
A8: ARENA-600(3000K) | B8: LED투광등기구 | C8: =CONCATENATE(B8,", ",A8,", ",E8) | E8: 600W
A9: ARENA-600 | B9: LED투광등기구 | C9: =CONCATENATE(B9,", ",A9,", ",E9) | E9: 600W
A10: ARENA-800(3000K) | B10: LED투광등기구 | C10: =CONCATENATE(B10,", ",A10,", ",E10) | E10: 800W
A11: ARENA-800 | B11: LED투광등기구 | C11: =CONCATENATE(B11,", ",A11,", ",E11) | E11: 800W
A12: ARENA(M)-200S | B12: LED투광등기구 | C12: =CONCATENATE(B12,", ",A12,", ",E12) | E12: 200W
... A267: MTT24B | B267: 조명타워 | C267: =CONCATENATE(B267,", ",A267,", ",E267) | E267: 24m, 18등용
